num_cases,num_deaths,fatality_rate,f_rate,pop,D1,D2,MI,P,CHW,F,LE,PG,PR,PRG,PUG,PU,S,SU,SR,W,WU,WR,OD,ODU,ODR,chol_per_1000,death_by_chol_per_100k,temp_c,rain_mm
2369,10.0,0.42,0.422119037569,27962207.0,0.0,0.0,23.9,0.194,0.0,5.746,58.9708292683,2.7368859589,75.311,2.23886809451,4.27153804437,24.689,29.3,41.1,25.4,48.0,70.7,40.5,15.8,0.6,20.8,0.084721495696,0.0357625562245,14.4894683333,277.60699
3733,44.0,1.18,1.17867666756,28809167.0,47.5,53.3,0.0,0.234,0.0,5.506,59.3279512195,2.98397866646,74.926,2.4714504784,4.5313545079,25.074,29.9,42.1,25.8,49.8,72.6,42.1,14.7,0.0,19.7,0.129576811436,0.152729164297,14.0711933333,317.62138
12,0.0,0.1,0.0,29726803.0,0.0,0.0,0.0,0.225,0.0,5.272,59.6796097561,3.1355461644,74.532,2.60830953106,4.69466816987,25.468,30.5,43.1,26.2,51.6,74.5,43.7,13.8,0.0,18.5,0.000403676103347,0.0,13.309705,388.20056
3957,14.0,0.35,0.353803386404,30682500.0,0.0,0.0,0.0,0.266,0.0,5.05,60.0282682927,3.16433627387,74.129,2.62215909632,4.73433292256,25.871,31.1,44.1,26.6,53.4,76.3,45.4,12.9,0.0,17.4,0.128966022977,0.0456286156604,14.1895691667,326.10009
45481,4.0,0.0,0.00879488137904,31627506.0,0.0,0.0,0.0,0.0,0.0,4.843,60.3744634146,3.03347255255,73.718,2.47749336461,4.60963006739,26.282,31.8,45.1,27.0,55.2,78.2,47.0,12.8,0.0,17.4,1.43802043702,0.0126472191642,13.9663316667,297.09286
58064,8.0,0.01,0.013777900248,32526562.0,40.7,46.2,23.6,0.0,0.0,4.653,60.7171707317,2.80298628269,73.297,2.23025287345,4.39215196902,26.703,31.9,45.1,27.0,55.3,78.2,47.0,12.7,0.0,17.4,1.78512564593,0.0245952830797,14.1068333333,388.17625
1484,30.0,2.02,2.02156334232,21219954.0,0.0,0.0,114.2,0.0,0.0,6.416,50.6541707317,3.35369256341,59.903,2.03033147529,5.36394106353,40.097,46.2,85.0,20.2,47.1,71.9,30.6,36.4,5.8,56.9,0.0699341761061,0.141376366791,22.1178583333,950.91279
1810,110.0,6.08,6.0773480663,21942296.0,0.0,0.0,0.0,0.0,0.0,6.335,51.0593170732,3.34741329974,59.1,1.99784785152,5.33026651243,40.9,47.6,86.2,20.9,47.5,73.0,29.8,34.7,4.0,55.9,0.0824890886533,0.501314903418,21.54165,997.6962
1215,98.0,8.07,8.0658436214,22685632.0,0.0,0.0,0.0,0.0,0.0,6.251,51.464,3.33156741325,58.301,1.9703967039,5.26627989329,41.699,49.1,87.4,21.7,47.8,74.2,29.0,32.9,2.3,54.8,0.0535581287751,0.431991491355,21.51605,1004.51965
6655,86.0,1.29,1.29226145755,23448202.0,0.0,0.0,0.0,0.0,0.0,6.165,51.8661707317,3.30620456316,57.51,1.94016713133,5.18536160495,42.49,50.6,88.6,22.5,48.2,75.4,28.2,31.1,0.5,53.8,0.283817070494,0.366765861195,21.8475166667,948.13749
213,3.0,1.4,1.40845070423,24227524.0,0.0,0.0,0.0,0.0,0.0,6.08,52.2668780488,3.26955240572,56.726,1.89693163168,5.09787908903,43.274,51.1,88.6,22.5,48.6,75.4,28.2,30.7,0.5,53.8,0.00879165365805,0.012382610786,21.6696583333,993.67575
3,0.0,0.0,0.0,22031750.0,0.0,0.0,0.0,3.851,0.0,1.928,81.6951219512,1.55548958907,11.267,0.294270930118,1.71677876788,88.733,100.0,100.0,100.0,100.0,100.0,100.0,0.0,0.0,0.0,0.000136167122448,0.0,21.5738083333,658.5626
6,0.0,0.0,0.0,22340024.0,0.0,0.0,0.0,3.273,0.0,1.927,81.8951219512,1.38952731562,11.125,0.121224458218,1.5494270008,88.875,100.0,100.0,100.0,100.0,100.0,100.0,0.0,0.0,0.0,0.000268576255782,0.0,21.3632666667,594.1876
5,0.0,0.0,0.0,22728254.0,0.0,0.0,0.0,0.0,0.0,1.921,82.0463414634,1.72289521852,10.985,0.456481658783,1.88029608049,89.015,100.0,100.0,100.0,100.0,100.0,100.0,0.0,0.0,0.0,0.00021999050169,0.0,21.63525,469.61486
3,0.0,0.0,0.0,23117353.0,0.0,0.0,0.0,0.0,0.0,1.859,82.1487804878,1.69747274985,10.847,0.433233469502,1.85238558502,89.153,100.0,100.0,100.0,100.0,100.0,100.0,0.0,0.0,0.0,0.000129772643088,0.0,22.6760333333,428.62596
2,0.0,0.0,0.0,23460694.0,0.0,0.0,0.0,0.0,0.0,1.833,82.3,1.47428774251,10.711,0.212572190633,1.62671658205,89.289,100.0,100.0,100.0,100.0,100.0,100.0,0.0,0.0,0.0,8.52489700433e-05,0.0,22.4533083333,444.7871
2,0.0,0.0,0.0,23789752.0,0.0,0.0,0.0,0.0,0.0,1.833,82.4512195122,1.39284746569,10.577,0.133900265318,1.54281008173,89.423,100.0,100.0,100.0,100.0,100.0,100.0,0.0,0.0,0.0,8.40698129178e-05,0.0,22.3084166667,435.9465
1,0.0,0.0,0.0,366711.0,0.0,0.0,0.0,0.0,0.0,1.9,74.7544146341,1.61671386098,17.394,1.29070696944,1.68549581185,82.606,91.7,91.7,91.7,98.2,98.2,98.2,0.1,0.1,0.1,0.00272694301507,0.0,25.6453416667,1206.2821
1,0.0,0.0,0.0,372388.0,0.0,0.0,0.0,0.0,0.0,1.893,74.9144634146,1.53622495677,17.333,1.1844417371,1.61014142201,82.667,92.0,92.0,92.0,98.4,98.4,98.4,0.0,0.0,0.0,0.002685371172,0.0,25.438225,1461.3384
8,0.0,0.0,0.0,1377237.0,0.0,0.0,0.0,0.0,0.0,2.035,76.819097561,1.11765068273,11.225,0.620309936897,1.18071264985,88.775,99.2,99.2,99.2,100.0,100.0,100.0,0.0,0.0,0.0,0.00580873154003,0.0,28.5074,51.89617
983,8.0,0.81,0.813835198372,9509798.0,0.0,0.0,331.6,0.059,0.0,5.094,58.7297073171,2.86744784697,58.146,2.19384261687,3.810854216,41.854,17.3,32.7,6.2,74.5,83.2,68.3,58.0,29.2,78.7,0.103367074674,0.0841237637224,28.3591,1142.39374
755,4.0,0.53,0.529801324503,9779391.0,0.0,0.0,0.0,0.0,0.0,5.009,58.932902439,2.79545766367,57.744,2.10170434228,3.75134123745,42.256,17.8,33.4,6.5,75.3,83.7,69.2,56.9,28.1,78.0,0.0772031714449,0.0409023424874,28.0348333333,917.07612
625,3.0,0.48,0.48,10049792.0,48.8,50.1,0.0,0.0,0.0,4.927,59.1219756098,2.72747256043,57.333,2.01315273191,3.69543270061,42.667,18.4,34.1,6.7,76.2,84.2,70.2,55.8,27.1,77.2,0.0621903418499,0.0298513640879,27.8581583333,1041.73868
528,6.0,1.14,1.13636363636,10322232.0,0.0,0.0,0.0,0.0,0.0,4.846,59.3120243902,2.67480779647,56.914,1.94130827747,3.65203780024,43.086,19.0,34.9,7.0,77.0,84.7,71.2,54.7,26.0,76.4,0.0511517276496,0.0581269632382,28.0143,957.56435
832,12.0,1.4,1.44230769231,10598482.0,32.5,0.0,0.0,0.0,0.0,4.766,59.5105853659,2.64107675774,56.486,1.88623277771,3.62952483302,43.514,19.6,35.6,7.3,77.8,85.2,72.1,53.5,24.9,75.6,0.0785018080891,0.113223761667,28.1641333333,1051.29729
1,0.0,0.0,0.0,200517584.0,0.0,0.0,0.0,1.857,0.0,1.823,73.5523414634,0.953765381162,15.377,-0.90183907282,1.29467896298,84.623,81.1,86.9,49.0,97.2,99.5,84.6,3.5,0.9,17.6,4.98709380021e-06,0.0,25.5327916667,1832.3801
3,0.0,0.0,0.0,399443.0,0.0,0.0,0.0,1.498,0.0,1.934,77.9323170732,1.54933120773,24.128,0.0601978243173,2.02757730496,75.872,0.0,0.0,0.0,0.0,0.0,0.0,0.0,0.0,0.0,0.0075104583132,0.0,25.512575,3798.515
20,2.0,10.0,10.0,16106851.0,0.0,0.0,0.0,0.0,0.0,5.78,57.4920487805,2.99203920294,73.495,1.85558750941,6.21255587442,26.505,18.0,50.1,6.5,80.0,96.4,74.1,57.9,9.2,75.4,0.00124170764354,0.0124170764354,28.9644833333,727.60232
143,7.0,4.9,4.8951048951,16590813.0,0.0,0.0,0.0,0.0,0.0,5.693,57.8793170732,2.96043989972,72.654,1.80954583553,6.08412981358,27.346,18.6,50.4,6.7,81.7,97.5,75.8,56.8,9.1,74.7,0.00861922800287,0.0421920251889,28.6255083333,880.28176
333,1.0,0.3,0.3003003003,9461117.0,42.5,37.8,198.2,0.0,0.0,6.302,54.829195122,3.47723280276,89.359,3.18112448267,5.99905461925,10.641,46.9,41.7,47.6,74.7,91.9,72.6,2.8,1.5,3.0,0.0351966897778,0.0105695765098,21.4138166667,1296.80687
1072,1.0,0.09,0.0932835820896,9790151.0,0.0,0.0,0.0,0.0,0.0,6.212,55.3120243902,3.41864281221,89.088,3.11490867519,5.93352622439,10.912,47.2,42.2,47.8,75.0,91.7,72.9,2.8,1.5,3.0,0.109497800391,0.0102143470514,21.0479583333,1499.2366
214,1.0,0.47,0.467289719626,10124572.0,0.0,0.0,0.0,0.0,0.0,6.123,55.7892926829,3.35884601688,88.811,3.0474339481,5.86564525565,11.189,47.5,42.7,48.1,75.3,91.5,73.2,2.8,1.5,2.9,0.0211366959512,0.00987696072486,20.9279083333,1010.58292
1557,17.0,1.09,1.09184328838,10465959.0,0.0,0.0,0.0,0.0,0.0,6.035,56.2516097561,3.31626500012,88.528,2.99709599926,5.8141252622,11.472,47.8,43.3,48.3,75.5,91.3,73.5,2.8,1.5,2.9,0.148768020207,0.162431364388,20.8403583333,1300.78892
582,9.0,1.5,1.54639175258,10816860.0,0.0,0.0,0.0,0.0,0.0,5.948,56.6920243902,3.29780374787,88.239,2.97082032872,5.78576486303,11.761,48.0,43.8,48.6,75.8,91.1,73.8,2.8,1.5,2.9,0.0538048934719,0.0832034435132,21.046975,1249.46147
442,0.0,0.0,0.0,11178921.0,0.0,0.0,126.3,0.0,0.0,5.863,57.1070487805,3.29239234675,87.943,2.95637182964,5.77806470196,12.057,48.0,43.8,48.6,75.9,91.1,73.8,2.7,1.5,2.9,0.0395386996652,0.0,20.68845,1318.45245
588,1.0,0.17,0.170068027211,14363586.0,48.0,34.1,20.5,0.212,0.0,2.875,66.3856585366,1.53819219244,80.19,1.35878030932,2.26775034444,19.81,33.6,73.8,23.7,64.2,86.1,58.8,56.8,14.8,67.2,0.0409368523988,0.00696204972769,27.8946916667,1597.6946
10759,657.0,6.1,6.10651547542,20590666.0,0.0,0.0,321.8,0.0,0.0,5.017,53.6948292683,2.5386417476,48.484,1.33317506954,3.68658965235,51.516,44.7,61.5,26.7,72.1,92.6,50.2,6.5,1.0,12.4,0.522518309995,3.19076614618,25.4035916667,1579.9778
22433,783.0,3.49,3.49039361655,21119065.0,46.5,17.2,0.0,0.0,0.0,4.938,54.1373658537,2.53383207092,47.901,1.32407731962,3.65917128051,52.099,44.9,61.6,26.8,73.1,93.4,51.0,6.3,0.9,12.2,1.06221558578,3.70755049999,25.1331666667,1354.5053
363,5.0,1.38,1.37741046832,21659488.0,0.0,0.0,0.0,0.0,0.0,4.859,54.5875121951,2.52674162262,47.323,1.31275508044,3.63005162815,52.677,45.2,61.7,26.8,74.1,94.1,51.9,6.1,0.9,11.9,0.0167593989295,0.0230845715282,25.098325,1591.9211
29,0.0,0.0,0.0,22211166.0,0.0,0.0,0.0,0.0,0.0,4.781,55.041804878,2.51515321517,46.75,1.29692943614,3.59704612496,53.25,45.4,61.8,26.8,75.1,94.8,52.7,5.9,0.8,11.7,0.00130564959985,0.0,24.9301333333,1410.2196
3355,184.0,5.5,5.48435171386,22773014.0,39.3,0.0,0.0,0.0,0.0,4.704,55.4927560976,2.49811030629,46.181,1.27353540054,3.56098212518,53.819,45.6,61.8,26.8,75.4,94.8,52.7,5.8,0.8,11.7,0.147323494378,0.807973858884,25.1907083333,1489.5632
124,6.0,4.8,4.83870967742,23344179.0,0.0,0.0,264.2,0.0,0.0,4.63,55.9343902439,2.47714212086,45.619,1.25272193578,3.51597191202,54.381,45.8,61.8,26.8,75.6,94.8,52.7,5.8,0.8,11.7,0.005311816706,0.0257023389,25.1317583333,1338.61507
2,0.0,0.0,0.0,34005274.0,0.0,0.0,0.0,2.068,0.0,1.6269,81.1975609756,1.11395972071,19.063,0.179337487709,1.33536705317,80.937,99.8,100.0,99.0,99.8,100.0,99.0,0.0,0.0,0.0,5.88144062595e-05,0.0,-4.3193125,478.2864
9,0.0,0.0,0.0,34342780.0,0.0,0.0,0.0,0.0,0.0,1.61,81.4487804878,0.987617711325,18.885,0.0494908307481,1.20729899128,81.115,99.8,100.0,99.0,99.8,100.0,99.0,0.0,0.0,0.0,0.000262063816616,0.0,-5.67828083333,469.4752
1,0.0,0.0,0.0,35155451.0,0.0,0.0,0.0,0.0,0.0,1.587,81.7650487805,1.15844291284,18.528,0.196982080364,1.37839026847,81.472,99.8,100.0,99.0,99.8,100.0,99.0,0.0,0.0,0.0,2.84450909192e-05,0.0,-6.44562666667,462.7639
2,0.0,0.0,0.0,35544564.0,0.0,0.0,0.0,0.0,0.0,1.6,81.9566097561,1.10075486953,18.35,0.135394012212,1.31899835502,81.65,99.8,100.0,99.0,99.8,100.0,99.0,0.0,0.0,0.0,5.62673943616e-05,0.0,-6.36397416667,475.4889
3,0.0,0.0,0.0,35848610.0,0.0,0.0,0.0,0.0,0.0,1.6,82.1376341463,0.851756046537,18.172,-0.123005321398,1.06952213035,81.828,99.8,100.0,99.0,99.8,100.0,99.0,0.0,0.0,0.0,8.36852530684e-05,0.0,-6.01659583333,452.2465
117,15.0,12.82,12.8205128205,4530903.0,0.0,0.0,0.0,0.0,0.0,4.537,48.3504390244,1.91474626715,60.966,1.57740661702,2.44391381167,39.034,21.1,42.4,7.4,67.7,89.1,54.0,23.0,4.6,34.8,0.0258226671372,0.331059835092,24.6152166667,1342.19361
21,0.0,0.0,0.0,4619500.0,0.0,0.0,0.0,0.0,0.0,4.451,49.1052926829,1.93652167505,60.742,1.56844987274,2.50870470994,39.258,21.5,43.6,7.2,68.2,89.6,54.4,22.5,4.4,34.2,0.00454594653101,0.0,25.5978666667,1405.79686
6395,175.0,2.74,2.7365129007,11896380.0,23.1,13.3,193.9,0.0,0.0,6.594,49.8620731707,3.29714491839,78.017,3.23436294695,3.520274961,21.983,11.6,30.5,6.3,49.7,69.8,44.1,65.9,14.9,80.3,0.537558484178,1.47103572683,28.4907916667,394.8436
17267,458.0,2.65,2.65245844675,12298512.0,0.0,0.0,0.0,0.0,0.0,6.485,50.3319512195,3.32441272924,77.952,3.24105973275,3.61967044898,22.048,11.8,30.9,6.4,50.2,70.8,44.4,65.3,14.4,79.7,1.40399098688,3.7240277523,26.5728416667,347.01111
1,0.0,0.0,0.0,17201305.0,0.0,0.0,0.0,0.0,0.0,1.806,80.5869756098,1.08871240451,11.21,-0.714767855886,1.31873704777,88.79,98.3,99.6,87.6,98.5,99.6,89.4,0.2,0.0,1.5,5.81351240502e-05,0.0,8.43285166667,584.9011
2,0.0,0.0,0.0,17575833.0,0.0,0.0,0.0,0.0,0.0,1.774,81.1979268293,1.07193883582,10.825,-0.658925214486,1.28410314959,89.175,99.0,100.0,90.9,99.0,99.7,93.3,0.1,0.0,1.1,0.000113792615121,0.0,8.5956575,554.5318
1,0.0,0.0,0.0,17762647.0,0.0,0.0,0.0,0.0,0.0,1.761,81.496195122,1.0572935807,10.644,-0.628910341317,1.26006097658,89.356,99.0,100.0,90.9,99.0,99.7,93.3,0.1,0.0,1.1,5.62979155078e-05,0.0,8.47378,556.7695
157,0.0,0.0,0.0,1337705000.0,0.0,0.0,0.0208272052376,1.456,0.806,1.539,75.0074146341,0.482959688678,50.774,-2.13347423873,3.25536549409,49.226,70.8,82.9,59.0,91.4,97.4,85.6,0.8,0.0,1.6,0.000117365188887,0.0,6.996725,613.7735
26,0.0,0.0,0.0,1344130000.0,0.0,0.0,0.0,1.491,0.831,1.544,75.2021707317,0.47915045425,49.427,-2.2096075001,3.17874029877,50.573,71.9,83.6,60.0,92.3,97.4,87.1,0.8,0.0,1.6,1.9343367085e-05,0.0,6.86400833333,517.93326
77,0.0,0.0,0.0,1350695000.0,0.0,0.0,0.0,1.94,0.0,1.549,75.3929268293,0.487231117971,48.111,-2.2113681757,3.05612962907,51.889,73.1,84.4,60.9,93.2,97.5,88.5,0.8,0.0,1.6,5.70076886344e-05,0.0,6.579595,609.7502
53,1.0,1.89,1.88679245283,1357380000.0,0.0,0.0,0.0,0.0,0.0,1.555,75.5851463415,0.493709633511,46.832,-2.20070135884,2.9286985093,53.168,74.2,85.1,61.8,94.0,97.5,90.0,0.7,0.0,1.6,3.90458088376e-05,7.36713374295e-05,7.19379833333,599.63316
24,0.0,0.0,0.0,1364270000.0,0.0,0.0,0.0,0.0,0.0,1.562,75.7822682927,0.50631159178,45.59,-2.18152204356,2.81543653576,54.41,75.4,85.9,62.8,94.8,97.5,91.5,0.7,0.0,1.6,1.7591825665e-05,0.0,6.9413475,550.13404
13,0.0,0.0,0.0,1371220000.0,0.0,0.0,0.000158545166127,0.0,0.0,1.569,75.9863414634,0.508136747292,44.386,-2.16829226805,2.69683753591,55.614,76.5,86.6,63.7,95.5,97.5,93.0,0.7,0.0,1.6,9.48060850921e-06,0.0,7.48492333333,601.3164
762,0.0,0.0,0.0,4177435.0,0.0,0.0,0.0,0.0,0.0,4.994,60.0851707317,2.70185233263,36.334,1.50357611065,3.39219593661,63.666,14.4,19.5,5.6,74.8,95.7,38.2,8.3,2.0,19.3,0.182408583257,0.0,24.790025,1645.8507
1181,37.0,3.13,3.13293818798,4286188.0,48.4,28.0,0.0,0.0,0.0,4.961,60.923902439,2.57003380106,35.9,1.36835251893,3.24941253237,64.1,14.6,19.6,5.6,75.3,95.7,38.8,8.2,1.9,19.5,0.275536210731,0.863237916769,24.8226333333,1621.3143
1624,221.0,13.61,13.6083743842,4394334.0,0.0,0.0,0.0,0.0,0.0,4.919,61.6663902439,2.49182239864,35.469,1.28401143295,3.1619524605,64.531,14.8,19.8,5.6,75.8,95.8,39.4,8.2,1.8,19.7,0.369566810352,5.02920351525,24.88405,1579.5029
417,3.0,0.72,0.719424460432,11342631.0,0.0,0.0,0.0,0.0,0.0,1.628,79.1416097561,0.168188789054,23.219,-0.227258947232,0.288082952914,76.781,92.7,94.0,88.2,94.1,96.1,87.3,0.7,0.4,1.8,0.0367639571454,0.0264488900327,25.5577416667,1471.9879
181,0.0,0.0,0.0,11362505.0,0.0,0.0,0.0,0.0,0.0,1.622,79.2563902439,0.175061757618,23.128,-0.21761594732,0.293506626334,76.872,93.1,94.4,89.1,94.3,96.2,88.1,0.6,0.4,1.6,0.0159295859496,0.0,25.70325,1300.28127
76,0.0,0.0,0.0,11379111.0,0.0,60.9,0.0,0.0,0.0,1.615,79.3908292683,0.146040659128,23.03,-0.278592524824,0.273445331893,76.97,93.2,94.4,89.1,94.6,96.3,89.0,0.6,0.4,1.6,0.00667890488106,0.0,25.9857083333,1332.5247
65,0.0,0.0,0.0,11389562.0,0.0,0.0,0.0,0.0,0.0,1.606,79.5464146341,0.0918015795999,22.926,-0.360795378939,0.2268247691,77.074,93.2,94.4,89.1,94.9,96.4,89.8,0.6,0.4,1.6,0.00570697977675,0.0,26.5601333333,1141.2379
32,0.0,0.0,0.0,20131707.0,0.0,0.0,446.2,0.144,0.0,5.231,50.1514634146,2.24437332885,49.443,0.724924054044,3.75301188441,50.557,20.9,32.0,9.7,80.7,92.6,68.4,28.4,5.7,51.7,0.00158953237299,0.0,27.11395,1737.9392
1261,24.0,1.9,1.90325138779,20604172.0,0.0,0.0,0.0,0.0,0.0,5.177,50.5172195122,2.31975446979,48.695,0.795344265455,3.78843139285,51.305,21.3,32.2,9.8,80.9,92.7,68.5,28.0,5.6,51.5,0.061201197505,0.116481264086,26.7382666667,1356.72334
424,19.0,4.48,4.48113207547,21102641.0,36.3,17.2,0.0,0.0,0.0,5.121,50.8633414634,2.39046189641,47.959,0.867473827201,3.81482804769,52.041,21.6,32.4,10.0,81.2,92.8,68.6,27.5,5.6,51.3,0.020092271863,0.0900361239145,26.4523916667,1319.14923
56,2.0,3.57,3.57142857143,21622490.0,0.0,0.0,0.0,0.0,0.0,5.063,51.2084634146,2.4335778191,47.234,0.910323859882,3.81709828896,52.766,22.0,32.6,10.1,81.5,93.0,68.7,27.1,5.6,51.1,0.0025898959833,0.00924962851179,26.675525,1195.32987
235,12.0,5.1,5.10638297872,22157107.0,0.0,0.0,0.0,0.0,0.0,5.001,51.5595853659,2.44243260979,46.521,0.921419470539,3.78463207994,53.479,22.3,32.8,10.3,81.8,93.1,68.8,26.7,5.6,50.9,0.01060607777,0.0541586949957,26.8194083333,1540.9611
199,6.0,3.0,3.01507537688,22701556.0,0.0,0.0,348.8,0.0,0.0,4.937,51.9197560976,2.42751655786,45.82,0.909199847704,3.729796675,54.18,22.5,32.8,10.3,81.9,93.1,68.8,26.4,5.6,50.9,0.00876591895287,0.0264299063906,26.9709416667,1113.57771
13884,182.0,1.31,1.31086142322,65938712.0,39.3,26.6,427.2,0.0,0.0,6.386,56.8961463415,3.22659143641,60.063,2.39757930451,4.48646454879,39.937,26.8,28.9,25.5,50.7,82.3,29.7,11.1,2.9,16.6,0.210559162878,0.276013883923,25.0211666667,1493.8927
21700,584.0,2.69,2.69124423963,68087376.0,0.0,0.0,0.0,0.0,0.0,6.294,57.3986341463,3.20661169781,59.558,2.36227130835,4.46317834747,40.442,27.2,28.8,26.1,51.1,82.1,30.0,10.9,2.8,16.4,0.318708125865,0.857721407857,24.3175083333,1537.2054
33661,819.0,2.43,2.43308279611,70291160.0,0.0,0.0,0.0,0.0,0.0,6.199,57.8540731707,3.18542225882,59.05,2.32881478617,4.43371688222,40.95,27.6,28.7,26.8,51.4,81.8,30.3,10.7,2.7,16.3,0.478879563234,1.16515362671,24.3270666667,1493.5484
26944,491.0,1.82,1.82229809976,72552861.0,0.0,0.0,0.0,0.0,0.0,6.103,58.2719268293,3.16693693148,58.539,2.29780178884,4.40707960599,41.461,27.9,28.7,27.4,51.8,81.6,30.6,10.5,2.7,16.1,0.371370606598,0.676747950711,24.5135,1534.8539
22203,372.0,1.7,1.67544926361,74877030.0,39.9,39.1,0.0,0.0,0.0,6.006,58.659195122,3.1531754496,58.024,2.26952834546,4.38765409421,41.976,28.3,28.6,28.1,52.1,81.3,30.9,10.4,2.6,16.0,0.296526184332,0.496814577181,24.5373666667,1481.0248
19182,276.0,1.4,1.43884892086,77266814.0,0.0,0.0,246.0,0.0,0.0,5.908,59.023902439,3.14173811308,57.506,2.24499493347,4.36822496207,42.494,28.7,28.5,28.7,52.4,81.1,31.2,10.2,2.5,15.8,0.248256644826,0.357203805504,24.511425,1505.1939
2047,19.0,0.93,0.928187591597,830802.0,0.0,0.0,7.7,0.229,0.0,3.484,60.3606829268,1.29688733721,23.004,1.07102549308,1.36446703696,76.996,48.4,60.6,7.4,89.2,96.6,64.5,20.1,4.0,73.7,2.46388429493,2.28694682969,28.4422916667,270.25613
127,1.0,0.79,0.787401574803,841802.0,0.0,0.0,0.0,0.0,0.0,3.406,60.8505609756,1.31533328776,22.947,1.06692382568,1.38943086785,77.053,47.3,59.8,5.1,89.9,97.4,64.7,20.2,3.7,75.6,0.150866830917,0.11879278025,28.300725,250.09682
191,0.0,0.0,0.0,9897983.0,22.9,31.9,1.9,0.0,0.0,2.597,72.749804878,1.32461872155,26.248,-3.18578739324,2.98023373377,73.752,82.1,85.4,72.9,85.9,87.7,80.7,3.8,2.2,8.5,0.0192968607847,0.0,23.84805,1955.1707
20851,336.0,1.61,1.61143350439,10027140.0,0.0,0.0,0.0,1.49,0.0,2.568,72.9452926829,1.29644177366,25.071,-3.29138478916,2.87973964252,74.929,82.5,85.6,73.4,85.7,87.2,80.9,3.6,2.1,8.0,2.07945635545,3.35090564209,23.556325,1757.4276
7919,68.0,0.86,0.858694279581,10155036.0,0.0,0.0,0.0,0.0,0.0,2.539,73.1353170732,1.26743233317,23.961,-3.26099329033,2.73796783252,76.039,82.9,85.7,74.0,85.4,86.8,81.2,3.4,2.1,7.5,0.779810135582,0.669618502583,24.1416166667,1523.3021
1954,42.0,2.15,2.1494370522,10281408.0,55.1,48.0,0.0,0.0,0.0,2.51,73.319902439,1.2367475551,22.918,-3.21373689936,2.59908872613,77.082,83.3,85.9,74.5,85.2,86.3,81.4,3.2,2.1,6.9,0.190051790572,0.408504360492,24.3134916667,1271.5201
603,11.0,1.8,1.82421227197,10405943.0,52.0,47.5,0.0,0.0,0.0,2.48,73.5000243902,1.20398696153,21.939,-3.16167747963,2.46606205447,78.061,83.6,86.0,75.1,85.0,85.9,81.7,3.0,2.0,6.4,0.0579476554888,0.105708824275,24.8034333333,1253.1589
546,15.0,2.7,2.74725274725,10528391.0,0.0,0.0,0.3,0.0,0.0,2.451,73.6766829268,1.1698427707,21.02,-3.10930584722,2.34025061067,78.98,84.0,86.2,75.7,84.7,85.4,81.9,2.8,2.0,5.9,0.0518597761044,0.142471912375,25.1545666667,1187.7363
1682,21.0,1.25,1.2485136742,87561814.0,0.0,0.0,106.2,0.022,0.0,4.903,61.2961219512,2.61459281992,82.681,2.12113949344,5.00449545138,17.319,21.7,25.7,20.9,47.8,91.1,38.7,44.4,13.0,51.0,0.0192092868245,0.023983057272,23.2841083333,859.84513
1,0.0,0.0,0.0,65342776.0,0.0,0.0,0.0,3.381,0.0,2.01,82.1146341463,0.483644884691,21.416,-0.626163266703,0.788241829993,78.584,98.7,98.6,98.9,100.0,100.0,100.0,0.0,0.0,0.0,1.53039105654e-05,0.0,13.3767458333,707.7092
1,0.0,0.0,0.0,66268972.0,0.0,0.0,0.0,0.0,0.0,2.01,82.6707317073,0.448991377608,20.711,-0.674508580143,0.744550774164,79.289,98.7,98.6,98.9,100.0,100.0,100.0,0.0,0.0,0.0,1.50900182969e-05,0.0,13.39112,915.5568
1,0.0,0.0,0.0,66538391.0,0.0,0.0,0.0,0.0,0.0,2.01,82.6707317073,0.405729567253,20.48,-0.715891447293,0.69664657374,79.52,98.7,98.6,98.9,100.0,100.0,100.0,0.0,0.0,0.0,1.50289176665e-05,0.0,12.1089183333,693.0891
4,1.0,25.0,25.0,81776930.0,0.0,0.0,0.0,3.689,0.0,1.39,79.987804878,-0.153198446937,25.709,-0.920407396618,0.113677273516,74.291,99.2,99.3,99.0,100.0,100.0,100.0,0.0,0.0,0.0,4.89135505576e-05,0.00122283876394,8.32235416667,770.1824
4,0.0,0.0,0.0,80274983.0,0.0,0.0,0.0,3.806,0.0,1.39,80.4365853659,-1.85371462876,25.512,-2.6229328426,-1.58889260816,74.488,99.2,99.3,99.0,100.0,100.0,100.0,0.0,0.0,0.0,4.98287243487e-05,0.0,10.2272941667,665.9261
1,0.0,0.0,0.0,80982500.0,0.0,0.0,0.0,0.0,0.0,1.47,81.0902439024,0.416877359168,24.906,-0.398866307136,0.688906595356,75.094,99.2,99.3,99.0,100.0,100.0,100.0,0.0,0.0,0.0,1.23483468651e-05,0.0,10.795175,709.1465
438,3.0,0.68,0.684931506849,24317734.0,0.0,0.0,395.6,0.096,0.0,4.272,60.6099756098,2.51755414372,49.287,1.14331130549,3.87149869735,50.713,13.7,19.2,8.0,83.1,90.9,75.1,20.1,7.5,33.0,0.0180115466351,0.0123366757774,28.0780166667,1240.8486
10628,105.0,0.99,0.987956341739,24928503.0,43.9,35.0,0.0,0.0,0.0,4.258,60.808,2.48059691829,48.606,1.08925437906,3.81451644099,51.394,14.0,19.5,8.2,84.3,91.3,76.8,19.9,7.3,33.2,0.426339279178,0.421204594596,27.7787083333,1153.08661
9548,100.0,1.05,1.04733975702,25544565.0,0.0,0.0,0.0,0.0,0.0,4.238,60.9770243902,2.44127262673,47.931,1.04282000187,3.74610749281,52.069,14.4,19.9,8.4,85.4,91.6,78.6,19.8,7.2,33.5,0.373778140282,0.391472706621,27.4998666667,1193.1172
50,0.0,0.0,0.0,26164432.0,0.0,0.0,0.0,0.0,0.0,4.209,61.1420731707,2.39763573345,47.265,0.998399866559,3.66859175486,52.735,14.7,20.2,8.6,86.5,91.9,80.4,19.5,6.8,33.7,0.00191099122656,0.0,27.6460833333,1071.37264
28944,243.0,0.8,0.839552238806,26786598.0,41.5,48.6,0.0,0.0,0.0,4.168,61.3116341463,2.35007566115,46.608,0.950290792193,3.58822942294,53.392,14.8,20.2,8.6,87.6,92.3,82.2,19.3,6.8,33.7,1.08054035081,0.907170070645,27.885675,1150.42604
692,8.0,1.2,1.15606936416,27409893.0,0.0,0.0,266.4,0.0,0.0,4.117,61.4917317073,2.30023188114,45.958,0.895805192826,3.51029217713,54.042,14.9,20.2,8.6,88.7,92.6,84.0,19.1,6.8,33.7,0.0252463590427,0.0291865422459,27.9664,1022.15832
3,0.0,0.0,0.0,11316351.0,0.0,0.0,0.0,0.0,0.0,5.256,57.0005365854,2.72262155148,64.703,2.04336031586,3.97988592438,35.297,18.4,32.0,10.9,73.8,91.9,63.9,18.3,1.0,27.7,0.00026510312379,0.0,26.2045083333,1645.96252
7350,133.0,1.81,1.80952380952,11628767.0,39.9,34.3,0.0,0.0,0.0,5.175,57.6376341463,2.72332710077,64.252,2.02384481867,3.99298129872,35.748,18.9,32.7,11.2,74.8,92.2,65.0,17.2,0.8,26.4,0.632053252077,1.14371540852,26.1045,1696.61329
319,32.0,10.03,10.0313479624,11948726.0,0.0,0.0,0.0,0.0,0.0,5.094,58.2164878049,2.71427198219,63.791,1.9942058486,3.99559677182,36.209,19.4,33.4,11.5,75.7,92.5,66.2,16.2,0.6,25.1,0.0266974069035,0.267810978342,26.2134416667,1740.44991
1,0.0,0.0,0.0,12275527.0,0.0,0.0,0.0,0.0,0.0,5.013,58.7334390244,2.69829437337,63.32,1.95720773461,3.99068625913,36.68,20.0,34.1,11.8,76.7,92.7,67.4,15.2,0.4,23.7,8.14628976825e-05,0.0,26.2368083333,1716.58275
3068,22.0,0.72,0.717079530639,1714620.0,0.0,0.0,0.0,0.0,0.0,4.972,54.5035121951,2.42688621175,53.076,0.85114597942,4.23966452851,46.924,20.2,33.5,8.5,73.6,92.5,56.9,18.1,1.6,32.7,1.78931774971,1.28308313212,27.4685333333,1520.27732
969,28.0,2.89,2.88957688338,1757138.0,0.0,0.0,0.0,0.0,0.0,4.906,54.8384146341,2.44948673689,52.253,0.886665922725,4.18825727938,47.747,20.5,33.5,8.5,75.5,94.6,58.0,17.8,1.6,32.7,0.551464939009,1.59350033976,27.479575,1583.39431
11,2.0,18.2,18.1818181818,1800513.0,54.6,0.0,0.0,0.0,0.0,4.835,55.1600487805,2.43852752057,51.45,0.889884599733,4.10627814709,48.55,20.7,33.5,8.5,77.4,96.7,59.1,17.6,1.6,32.7,0.00610936994068,0.111079453467,27.4470416667,1334.62267
179379,3990.0,2.22,2.22434064188,9999617.0,0.0,0.0,20.2,0.0,0.0,3.325,61.2401219512,1.47755850524,47.984,-1.58648453034,4.38984022448,52.016,25.9,33.5,17.7,59.3,69.7,48.1,23.7,8.6,40.0,17.9385870479,39.9015282285,24.2979583333,1995.3782
340311,2869.0,0.84,0.843052384437,10144890.0,0.0,0.0,0.0,0.0,0.0,3.245,61.645195122,1.44233381787,46.544,-1.6046051584,4.1730744225,53.456,26.3,33.5,18.1,58.9,68.5,48.0,22.5,8.4,38.8,33.5450655453,28.2802474941,24.0294833333,1703.6552
112076,894.0,0.8,0.797673007602,10288828.0,56.7,52.9,0.0,0.0,0.0,3.169,62.0333902439,1.40885159325,45.159,-1.6120039463,3.96677642022,54.841,26.7,33.5,18.4,58.5,67.3,47.9,21.4,8.1,37.5,10.8929802306,8.68903630229,24.4872416667,1691.1501
58809,593.0,1.01,1.00834906222,10431249.0,0.0,0.0,0.0,0.0,0.0,3.098,62.4011463415,1.37473661904,43.832,-1.60781337949,3.76565160127,56.168,27.1,33.5,18.8,58.0,66.1,47.7,20.3,7.9,36.3,5.6377716609,5.68484176727,24.5495666667,1070.5193
27753,296.0,1.1,1.06655136382,10572029.0,0.0,0.0,0.0,0.0,0.0,3.033,62.7474390244,1.3405727271,42.564,-1.59496720224,3.57298712154,57.436,27.4,33.6,19.2,57.5,64.9,47.6,19.3,7.7,35.0,2.62513468323,2.7998409766,25.2974833333,1381.0492
36045,322.0,0.9,0.893327784714,10711067.0,0.0,0.0,8.4,0.0,0.0,2.973,63.0737560976,1.30657661813,41.355,-1.57495774605,3.38966934184,58.645,27.6,33.6,19.2,57.7,64.9,47.6,19.0,7.7,35.0,3.36521095424,3.00623644685,25.8069,1113.173
5155,9.0,0.17,0.174587778855,1230984504.0,0.0,0.0,33.1,0.69,0.0,2.622,66.5061463415,1.37435100598,69.07,0.8789823398,2.48950144618,30.93,35.5,60.3,24.5,90.3,95.7,87.9,49.9,13.1,66.4,0.00418770503061,0.000731122119796,25.1492583333,1146.47283
6008,54.0,0.9,0.89880159787,1279498874.0,0.0,0.0,0.0,0.0,0.0,2.465,67.6604146341,1.25119062624,68.006,0.718833736258,2.39226390054,31.994,38.5,62.0,27.5,93.1,96.7,91.5,45.9,10.6,62.6,0.00469558834485,0.00422040230729,24.4063583333,1160.1732
4031,21.0,0.5,0.520962540313,1295291543.0,0.0,0.0,0.0,0.0,0.0,2.427,68.013804878,1.22673029573,67.634,0.678218163733,2.38274066754,32.366,39.5,62.6,28.5,94.1,97.1,92.6,44.6,9.8,61.3,0.00311204069986,0.00162125662856,24.5342416667,942.29585
889,4.0,0.4,0.44994375703,1311050527.0,0.0,0.0,18.6,0.0,0.0,2.395,68.3485609756,1.20929453041,67.253,0.644375757581,2.37958104033,32.747,39.6,62.6,28.5,94.1,97.1,92.6,44.4,9.8,61.3,0.000678082180428,0.000305098843837,24.6535583333,1080.98025
1187,12.0,1.01,1.01095197978,75184322.0,0.0,61.38,0.0,0.0,0.0,1.755,74.4125853659,1.2459520917,28.8,-0.727501893693,2.05539898442,71.2,89.3,92.8,80.6,95.9,97.8,91.3,0.5,0.0,1.7,0.0157878659862,0.0159607743753,17.8540283333,209.69632
53,0.0,0.0,0.0,76156975.0,0.0,0.0,0.0,0.0,0.0,1.742,74.7993414634,1.28539455043,28.231,-0.710077084836,2.08137528704,71.769,89.6,92.8,81.6,96.0,97.7,91.7,0.2,0.0,0.8,0.000695931003037,0.0,17.718915,222.56371
256,7.0,2.73,2.734375,77152445.0,0.0,0.0,0.0,0.0,0.0,1.726,75.1259756098,1.29865991354,27.68,-0.672394260774,2.06346903524,72.32,89.9,92.8,82.3,96.1,97.7,92.1,0.0,0.0,0.0,0.00331810612094,0.00907294642445,18.2488133333,192.70109
86,1.0,1.2,1.16279069767,79109272.0,0.0,0.0,0.5,0.0,0.0,1.685,75.5913414634,1.22813638287,26.625,-0.70608561097,1.93934689489,73.375,90.0,92.8,82.3,96.2,97.7,92.1,0.0,0.0,0.0,0.0010871039238,0.00126407433,18.5879066667,197.20344
2,0.0,0.0,0.0,30868156.0,0.0,0.0,0.0,0.607,0.0,4.659,68.4901219512,2.95070667673,30.966,2.77646820144,3.02896210065,69.034,83.3,85.7,77.8,85.1,94.0,65.2,1.0,0.1,3.1,6.47916901807e-05,0.0,24.0515666667,149.8733
4693,4.0,0.0,0.0852333262306,32957622.0,0.0,0.0,0.0,0.0,0.0,4.637,68.9497317073,3.36277767155,30.825,3.1132877921,3.47415339849,69.175,84.8,86.2,81.8,86.1,93.9,68.5,0.2,0.0,0.5,0.142394982259,0.0121367979765,22.8762441667,147.87465
1,0.0,0.0,0.0,34107366.0,0.0,0.0,0.0,0.0,0.0,4.607,69.1834878049,3.42908183123,30.738,3.14644262615,3.55477155233,69.262,85.6,86.4,83.8,86.5,93.8,70.1,0.0,0.0,0.0,2.93191799097e-05,0.0,21.9700208333,197.21682
4965,2.0,0.04,0.0402819738167,36423395.0,0.0,0.0,0.0,0.0,0.0,4.515,69.5902682927,3.20851826109,30.529,2.84885259653,3.36698323698,69.471,85.6,86.4,83.8,86.6,93.8,70.1,0.0,0.0,0.0,0.136313487526,0.0054909763354,23.22258,114.15744
1,0.0,0.0,0.0,8059500.0,0.0,0.0,0.0,0.0,0.0,3.03,82.056097561,1.86605289479,7.988,1.08054120548,1.93453890729,92.012,100.0,100.0,100.0,100.0,100.0,100.0,0.0,0.0,0.0,0.000124077176003,0.0,20.8082,283.97332
1,0.0,0.0,0.0,60233948.0,0.0,0.0,0.0,0.0,0.0,1.39,82.6902439024,1.15925111681,31.314,0.75768015467,1.34286416845,68.686,99.5,99.5,99.6,100.0,100.0,100.0,0.0,0.0,0.0,1.66019335143e-05,0.0,12.6158583333,987.3753
12,0.0,0.0,0.0,127817277.0,0.0,0.0,0.0,0.0,0.0,1.39,82.5912195122,-0.197526883816,8.752,-8.16663870802,0.601289465233,91.248,100.0,100.0,100.0,100.0,100.0,100.0,0.0,0.0,0.0,9.38840216413e-05,0.0,11.3696116667,1745.8783
3,0.0,0.0,0.0,127561489.0,0.0,0.0,0.0,0.0,0.0,1.41,83.096097561,-0.200320558786,8.098,-7.96683629451,0.513851443123,91.902,100.0,100.0,100.0,100.0,100.0,100.0,0.0,0.0,0.0,2.35180697836e-05,0.0,11.1926575,1716.0369
8,0.0,0.0,0.0,127338621.0,0.0,0.0,0.0,0.0,0.0,1.43,83.3319512195,-0.174866975767,7.509,-7.72634548613,0.463987801655,92.491,100.0,100.0,100.0,100.0,100.0,100.0,0.0,0.0,0.0,6.28246162647e-05,0.0,11.5285275,1660.34
5,0.0,0.0,0.0,127131800.0,0.0,0.0,0.0,0.0,0.0,1.42,83.587804878,-0.162550165734,6.979,-7.48221937097,0.408843226044,93.021,100.0,100.0,100.0,100.0,100.0,100.0,0.0,0.0,0.0,3.93292630168e-05,0.0,11.3264641667,1708.1161
7,0.0,0.0,0.0,126958472.0,0.0,0.0,0.0,0.0,0.0,1.46,83.8436585366,-0.136430273793,6.502,-7.21600663604,0.375046484798,93.498,100.0,100.0,100.0,100.0,100.0,100.0,0.0,0.0,0.0,5.51361393196e-05,0.0,11.8943383333,1768.5168
3188,63.0,1.98,1.97616060226,40328313.0,0.0,0.0,95.2,0.183,0.0,4.629,58.7186097561,2.6593215094,76.429,2.15294289068,4.31911774964,23.571,29.2,30.5,28.8,60.0,83.3,52.9,13.2,2.7,16.4,0.0790511618971,0.156217791704,25.3945916667,646.6178
74,2.0,2.7,2.7027027027,41419954.0,0.0,0.0,0.0,0.181,0.0,4.556,59.5342195122,2.67089672851,76.033,2.1514241588,4.33696347388,23.967,29.4,30.7,29.0,60.8,82.9,53.9,12.9,2.6,16.1,0.0017865785172,0.00482859058704,25.35425,652.3784
35,9.0,25.7,25.7142857143,44863583.0,45.1,53.8,0.0,0.0,0.0,4.334,61.5763658537,2.6441213959,74.803,2.08820549821,4.31292686706,25.197,30.1,31.2,29.7,63.1,81.6,56.8,12.1,2.6,15.3,0.000780142771923,0.0200608141352,25.4499666667,627.9245
13291,67.0,0.5,0.504100519148,46050302.0,0.0,0.0,166.0,0.0,0.0,4.263,62.1337317073,2.61079241574,74.378,2.04101430115,4.2834310459,25.622,30.1,31.2,29.7,63.2,81.6,56.8,12.0,2.6,15.3,0.288619171271,0.145493074074,25.446125,786.837
5,0.0,0.0,0.0,3892115.0,0.0,0.0,0.0,0.0,0.0,2.072,74.697902439,3.63649511704,1.658,2.67608111121,3.65276650738,98.342,100.0,100.0,100.0,99.0,99.0,99.0,0.0,0.0,0.0,0.00128464857796,0.0,26.694425,93.66802
237,4.0,1.69,1.68776371308,6260544.0,0.0,0.0,17.8,0.272,0.0,3.293,64.3336341463,1.73024489265,66.877,0.0429291647912,5.22633098163,33.123,58.7,86.4,44.9,67.5,81.8,60.4,34.2,7.2,47.5,0.0378561351857,0.0638922112839,24.4903583333,1678.3394
1546,0.0,0.0,0.0,3957990.0,0.0,0.0,335.1,0.014,0.0,5.024,59.4412926829,3.50938283027,52.199,2.82207875726,4.26535863083,47.801,15.6,26.9,5.2,71.1,84.5,58.9,47.5,25.0,68.1,0.390602300663,0.0,26.0537333333,2795.7195
1146,0.0,0.0,0.0,4079574.0,0.0,0.0,0.0,0.0,0.0,4.945,59.8643414634,3.02562505514,51.832,2.32008255614,3.79043811925,48.168,15.8,27.1,5.4,72.0,85.3,59.6,47.6,25.5,68.1,0.280911683426,0.0,25.5770083333,2493.7117
219,0.0,0.0,0.0,4190155.0,0.0,0.0,0.0,0.0,0.0,4.868,60.2043658537,2.67451548898,51.459,1.95227774673,3.44590922378,48.541,16.1,27.4,5.5,72.9,86.2,60.4,47.6,26.0,68.1,0.0522653696582,0.0,25.4132,2189.0479
92,0.0,0.0,0.0,4293692.0,46.4,60.4,0.0,0.0,0.0,4.793,60.5203902439,2.44092428015,51.079,1.69972871597,3.22072312708,48.921,16.4,27.6,5.6,73.8,87.0,61.1,47.7,26.4,68.0,0.0214267814273,0.0,25.6445666667,2415.7613
44,0.0,0.0,0.0,4396554.0,0.0,0.0,0.0,0.0,0.0,4.719,60.8344146341,2.36740833675,50.692,1.60686389221,3.15537719449,49.308,16.6,27.8,5.8,74.7,87.8,61.9,47.7,26.9,68.0,0.0100078379567,0.0,25.5748,2661.2446
1155,17.0,1.47,1.47186147186,14769824.0,47.6,69.0,419.5,0.019,0.0,5.531,56.8362439024,3.02968165411,84.46,2.89597325097,3.75953053346,15.54,38.8,47.0,37.3,81.0,94.8,78.5,9.0,1.9,10.3,0.0781999839673,0.115099543502,22.9658583333,941.71509
120,4.0,3.33,3.33333333333,15226813.0,0.0,0.0,0.0,0.0,0.0,5.423,58.5001219512,3.047170654,84.337,2.90143407094,3.83555693545,15.663,39.2,47.0,37.8,82.9,94.9,80.6,8.0,1.8,9.2,0.00788083494557,0.0262694498186,22.3816583333,1146.65082
187,2.0,1.07,1.06951871658,15700436.0,0.0,0.0,0.0,0.0,0.0,5.318,60.0502926829,3.06305957031,84.202,2.90286049206,3.92126336973,15.798,39.7,47.1,38.3,84.7,95.1,82.8,7.1,1.6,8.1,0.0119104972626,0.0127384997461,22.2137416667,1072.40625
693,11.0,1.6,1.5873015873,17215232.0,0.0,0.0,188.8,0.0,0.0,5.048,63.7968536585,3.06701458003,83.728,2.86418148358,4.11725228625,16.272,41.0,47.3,39.8,90.2,95.7,89.1,4.2,1.3,4.7,0.0402550485524,0.0638969024641,22.6955583333,868.84108
443,6.0,1.35,1.35440180587,28119500.0,0.0,0.0,6.5,1.198,0.444,1.998,74.1577804878,1.6439192389,29.088,-1.19293198786,2.83127576481,70.912,95.4,95.9,94.2,97.3,99.6,91.7,0.5,0.0,1.7,0.0157541919309,0.0213375060012,25.896675,3170.086
586,10.0,1.71,1.70648464164,28572970.0,0.0,0.0,0.0,0.0,0.0,1.982,74.2867560976,1.59978801919,28.265,-1.27035244618,2.75369725942,71.735,95.7,96.1,94.8,97.7,99.9,92.1,0.3,0.0,1.1,0.0205088935452,0.0349981118519,25.6383,3477.696
282,1.0,0.4,0.354609929078,29021940.0,0.0,0.0,0.0,0.0,0.0,1.968,74.4233170732,1.55909296321,27.474,-1.27932356099,2.65572660714,72.526,95.9,96.1,95.4,97.9,100.0,92.4,0.0,0.0,0.1,0.00971678667932,0.00344566903522,25.7883083333,3312.158
171,1.0,0.58,0.584795321637,29465372.0,0.0,0.0,0.0,0.0,0.0,1.956,74.5675121951,1.5163647689,26.716,-1.28138164854,2.55608331424,73.284,96.0,96.1,95.9,98.0,100.0,92.7,0.0,0.0,0.0,0.00580342240376,0.00339381427121,25.9348583333,3236.181
134,1.0,0.7,0.746268656716,29901997.0,0.0,0.0,0.0,0.0,0.0,1.944,74.7182926829,1.47095241053,25.99,-1.28412942169,2.45674502283,74.01,96.0,96.1,95.9,98.2,100.0,93.0,0.0,0.0,0.0,0.00448130604789,0.00334425824469,25.8254916667,2916.1668
244,2.0,0.8,0.819672131148,30331007.0,0.0,0.0,1.9,0.0,0.0,1.931,74.8751707317,1.4245255136,25.295,-1.28598719209,2.35920690504,74.705,96.0,96.1,95.9,98.2,100.0,93.0,0.0,0.0,0.0,0.00804457300082,0.00659391229576,26.0719083333,2655.672
2220,95.0,4.28,4.27927927928,15639115.0,0.0,0.0,0.0,0.0,0.0,6.474,56.6546829268,3.06342762185,63.211,1.81670055429,5.24253886695,36.789,22.9,36.4,15.0,68.9,89.6,56.9,12.4,2.5,18.1,0.141951766452,0.607451252836,29.2277416667,287.70342
219,19.0,8.68,8.67579908676,16112333.0,0.0,0.0,0.0,0.0,0.0,6.396,57.095,2.98098557495,62.421,1.72332365996,5.10564181277,37.579,23.3,36.7,15.3,70.9,91.3,58.7,11.7,2.4,17.2,0.0135920726067,0.117922091109,28.7673666667,344.37089
23,2.0,8.7,8.69565217391,16592097.0,34.4,36.8,0.0,0.0,0.0,6.314,57.535195122,2.93414940732,61.637,1.6702131229,4.99894736457,38.363,23.8,37.0,15.5,73.0,93.1,60.5,10.9,2.3,16.3,0.00138620211779,0.0120539314591,28.9210833333,324.38628
46,3.0,6.52,6.52173913043,3683221.0,33.7,18.8,0.0,0.0,0.0,4.778,62.2924878049,2.52455424674,42.652,0.975096398092,3.69271820621,57.348,36.9,54.7,13.1,55.5,56.4,54.3,37.0,12.8,69.5,0.0124890686711,0.0814504478553,28.7240083333,86.30956
1,0.0,0.0,0.0,118617542.0,0.0,0.0,0.6,1.991,0.0,2.356,76.0267804878,1.53076587184,22.175,0.195861908393,1.91441062438,77.825,82.3,86.4,67.8,94.1,96.2,86.7,3.9,1.6,11.9,8.43045626422e-06,0.0,20.749575,807.80993
1,0.0,0.0,0.0,120365271.0,0.0,0.0,0.0,2.095,0.0,2.328,76.1856585366,1.46266598583,21.882,0.132552555779,1.83844439873,78.118,83.0,86.8,69.5,94.6,96.4,88.0,3.1,1.2,10.0,8.30804426968e-06,0.0,21.5414583333,682.0788
2,0.0,0.0,0.0,122070963.0,0.0,52.32,0.0,0.0,0.0,2.3,76.354097561,1.40714951447,21.593,0.0776285464265,1.77642048632,78.407,83.7,87.2,71.1,95.1,96.7,89.4,2.4,0.8,8.0,1.63839126918e-05,0.0,21.5927166667,704.7571
187,1.0,0.53,0.534759358289,123740109.0,0.0,0.0,0.0,0.0,0.0,2.272,76.5326585366,1.35809314149,21.309,0.0341270114167,1.71965106885,78.691,84.4,87.6,72.8,95.6,96.9,90.8,1.6,0.4,6.0,0.00151123189976,0.000808145400939,21.1770166667,912.728
14,0.0,0.0,0.0,125385833.0,0.0,0.0,0.0,0.0,0.0,2.243,76.7218536585,1.32121763533,21.029,-0.0014904665041,1.67640822347,78.971,85.1,88.0,74.5,96.1,97.2,92.1,0.8,0.0,4.0,0.000111655357428,0.0,21.5132083333,841.60655
1,0.0,0.0,0.0,127017224.0,0.0,0.0,0.2,0.0,0.0,2.213,76.9206829268,1.29270519749,20.754,-0.0236380517748,1.64032923196,79.246,85.2,88.0,74.5,96.1,97.2,92.1,0.8,0.0,4.0,7.87294800271e-06,0.0,21.645675,742.0448
7430,117.0,1.57,1.57469717362,24321457.0,0.0,0.0,383.3,0.038,0.0,5.564,53.226902439,2.80882431795,69.045,2.50513823342,3.48953605682,30.955,18.8,41.1,8.9,48.5,79.2,34.8,43.3,15.8,55.7,0.305491566562,0.48105670643,24.71385,873.11491
1279,5.0,0.39,0.390930414386,25016921.0,55.7,55.0,0.0,0.038,0.0,5.521,53.7382926829,2.81934710724,68.821,2.49439235056,3.54037531033,31.179,19.3,41.6,9.3,49.3,79.7,35.5,42.1,14.9,54.4,0.0511253962868,0.0199864723561,24.2339,1032.00256
647,7.0,1.08,1.08191653787,25732928.0,0.0,0.0,0.0,0.04,0.0,5.472,54.2121219512,2.82189810279,68.583,2.47547518326,3.58233128817,31.417,19.8,42.0,9.7,50.1,80.1,36.3,40.9,14.0,53.2,0.0251428830796,0.0272025010135,24.050375,972.01975
1869,19.0,1.02,1.01658640984,26467180.0,0.0,0.0,0.0,0.0,0.0,5.418,54.6415121951,2.81340579197,68.331,2.44529243855,3.6123165457,31.669,20.3,42.4,10.1,50.8,80.6,37.0,39.7,13.1,52.0,0.0706157588379,0.0717870207555,24.1349083333,968.89764
480,1.0,0.2,0.208333333333,27216276.0,0.0,0.0,0.0,0.0,0.0,5.359,55.0259512195,2.79097018327,68.066,2.40239452437,3.6242766836,31.934,20.4,42.4,10.1,50.9,80.6,37.0,39.6,13.1,52.0,0.0176365054499,0.00367427196873,24.26845,1030.34469
8739,64.0,0.7,0.732349239043,27977863.0,0.0,0.0,297.7,0.0,0.0,5.295,55.3712439024,2.75984136421,67.786,2.34762864438,3.63282564732,32.214,20.5,42.4,10.1,51.1,80.6,37.0,39.5,13.1,52.0,0.312354092234,0.228752281759,24.619625,851.00796
16,0.0,0.0,0.0,52125411.0,0.0,0.0,0.0,0.581,0.209,2.33,65.180902439,0.755643792844,68.065,-0.0200069271024,2.42918924088,31.935,78.0,83.9,75.3,79.2,92.0,73.2,5.1,0.6,7.2,0.000306952016167,0.0,23.2027833333,1128.45631
174,0.0,0.0,0.0,52543841.0,0.0,0.0,0.0,0.612,0.21,2.28,65.4277804878,0.79953228101,67.531,0.0118935987524,2.45785395235,32.469,79.4,84.3,77.1,80.3,92.7,74.4,4.5,0.5,6.4,0.00331152037401,0.0,23.5464416667,953.93655
33,0.0,0.0,0.0,52983829.0,0.0,0.0,0.0,0.0,0.0,2.239,65.654097561,0.833886599801,66.993,0.0340270437127,2.47726975794,33.007,79.5,84.3,77.1,80.4,92.7,74.4,4.4,0.5,6.4,0.000622831543564,0.0,23.348425,1124.17934
400,0.0,0.0,0.0,53437159.0,0.0,0.0,0.0,0.0,0.0,2.204,65.8578536585,0.8519611602,66.449,0.0366205163343,2.48666336449,33.551,79.5,84.3,77.1,80.5,92.7,74.4,4.4,0.5,6.4,0.00748542788362,0.0,23.33415,1529.5992
103,12.0,11.7,11.6504854369,53897154.0,0.0,0.0,11.8,0.0,0.0,2.177,66.0420731707,0.857130964661,65.902,0.0305345405353,2.47434073572,34.098,79.6,84.3,77.1,80.6,92.7,74.4,4.4,0.5,6.4,0.00191104710278,0.0222646264402,23.370825,2002.02835
3,0.0,0.0,0.0,2346592.0,52.0,71.6,0.0,0.0,0.0,3.56,64.3438780488,2.36941625194,55.321,0.554858976228,4.66278466611,44.679,33.6,55.0,16.3,89.6,98.2,82.6,49.6,19.6,73.9,0.00127844976886,0.0,21.0614916667,230.51668
485,13.0,2.7,2.68041237113,2402858.0,0.0,0.0,0.0,0.0,0.0,3.522,64.680195122,2.36947993938,54.322,0.547200666009,4.58074006481,45.678,34.0,54.7,16.6,90.3,98.2,83.6,49.0,19.9,73.5,0.201842971994,0.54102239916,20.9172166667,329.20691
1790,9.0,0.5,0.502793296089,26875910.0,0.0,0.0,5.4,0.0,0.0,2.606,67.9714878049,1.05948828539,83.178,0.652754375166,3.09530137042,16.822,37.9,51.9,35.1,87.0,92.0,86.0,42.3,11.2,48.6,0.0666023959747,0.0334872381996,13.6891875,1223.43509
12,0.0,0.0,0.0,27179237.0,46.7,39.0,0.0,0.0,0.0,2.486,68.4066341463,1.12229898774,82.834,0.707871615475,3.14660646263,17.166,39.5,52.7,36.7,88.0,91.8,87.2,40.1,10.1,46.4,0.000441513497969,0.0,12.9564525,1659.27677
34,0.0,0.0,0.0,27500515.0,0.0,0.0,0.0,0.0,0.0,2.381,68.8233170732,1.17513955528,82.482,0.749289558494,3.20495529613,17.518,41.1,53.5,38.4,88.9,91.6,88.3,38.0,9.0,44.2,0.00123634048308,0.0,12.8757258333,1364.64597
933,2.0,0.2,0.21436227224,28174724.0,45.9,0.0,0.0,0.0,0.0,2.222,69.6046829268,1.21317249181,81.757,0.766504972079,3.23981291234,18.243,44.2,55.2,41.8,90.7,91.1,90.6,33.7,6.7,39.7,0.0331147875663,0.00709856110747,12.78535,551.66316
80,0.0,0.0,0.0,28513700.0,0.0,0.0,3.3,0.0,0.0,2.167,69.9733414634,1.19594095694,81.385,0.739897274935,3.21456044579,18.615,45.8,56.0,43.5,91.6,90.9,91.8,31.6,5.6,37.5,0.00280566885392,0.0,12.3975316667,1344.22459
1154,66.0,5.72,5.71923743501,16291990.0,0.0,0.0,499.9,0.019,0.0,7.667,58.259,3.87855166575,82.441,3.64471328796,4.98381275277,17.559,9.5,34.8,4.1,54.0,94.8,45.3,75.4,16.4,87.9,0.0708323538131,0.405107049538,28.7143583333,191.20534
2324,60.0,2.58,2.5817555938,16946485.0,0.0,0.0,0.0,0.0,0.0,7.656,59.2045609756,3.93868617023,82.234,3.6872818921,5.11067324521,17.766,9.8,35.6,4.2,55.1,96.5,46.1,74.8,15.9,87.5,0.137137583399,0.35405572306,28.1708166667,154.15008
5284,110.0,2.08,2.08175624527,17635782.0,43.0,44.3,0.0,0.0,0.0,7.642,60.0725365854,3.98694686496,82.014,3.71906080304,5.21765487091,17.986,10.1,36.4,4.4,56.2,98.2,47.0,74.2,15.3,87.1,0.299618128643,0.623731910499,28.0581,210.27753
585,13.0,2.22,2.22222222222,18358863.0,0.0,0.0,0.0,0.0,0.0,7.623,60.8281463415,4.01825488305,81.78,3.73253058669,5.31087327699,18.22,10.5,37.1,4.5,57.3,99.8,47.8,73.6,14.8,86.7,0.0318647184197,0.070810485377,28.1053083333,185.91212
2059,80.0,3.9,3.88538125304,19113728.0,0.0,0.0,0.0,0.0,0.0,7.599,61.4584878049,4.02943651656,81.531,3.72450042311,5.38679557761,18.469,10.8,37.9,4.6,58.1,100.0,48.6,73.0,14.3,86.3,0.107723621472,0.418547339378,28.3003916667,158.38673
51,4.0,7.8,7.8431372549,19899120.0,0.0,0.0,356.5,0.0,0.0,7.567,61.9690243902,4.02686893114,81.268,3.70376909898,5.44084074441,18.732,10.9,37.9,4.6,58.2,100.0,48.6,72.8,14.3,86.3,0.00256292740584,0.0201013914183,27.7006666667,182.00732
44456,1712.0,3.85,3.85099874033,159424742.0,0.0,0.0,416.3,0.395,0.0,5.84,51.3295121951,2.68113298236,56.52,1.11525459318,4.75398698757,43.48,30.5,33.8,28.0,63.4,79.9,50.7,24.8,13.8,33.3,0.278852576095,1.07386091928,27.8321416667,1222.01188
23377,742.0,3.17,3.17405997348,163770669.0,27.9,26.0,0.0,0.0,0.0,5.802,51.737804878,2.68951155665,55.638,1.11669827711,4.69772953664,44.362,30.2,33.6,27.5,64.5,80.1,52.1,24.9,14.1,33.4,0.142742287998,0.453072582857,27.4204,919.7473
597,18.0,3.02,3.01507537688,168240403.0,0.0,0.0,0.0,0.0,0.0,5.758,52.105,2.69268373284,54.766,1.11299765727,4.63926105653,45.234,29.9,33.4,27.0,65.5,80.3,53.4,24.9,14.5,33.5,0.00354849363978,0.0106989757983,27.2671333333,1178.84887
6600,229.0,3.47,3.4696969697,172816517.0,29.2,33.7,0.0,0.0,0.0,5.707,52.4421463415,2.68365095137,53.906,1.1008739916,4.56702769953,46.094,29.6,33.2,26.5,66.6,80.5,54.7,25.0,14.8,33.6,0.0381907939968,0.132510482201,27.383825,919.19236
35996,755.0,2.1,2.09745527281,177475986.0,0.0,0.0,0.0,0.0,0.0,5.65,52.7542682927,2.66048733293,53.058,1.07487391602,4.48348809051,46.942,29.3,33.0,25.9,67.6,80.6,56.0,25.0,15.2,33.7,0.202821805988,0.42540966641,27.527175,1088.44912
5290,186.0,3.5,3.51606805293,182201962.0,0.0,0.0,380.8,0.0,0.0,5.587,53.0488780488,2.62804435322,52.224,1.04369481924,4.38910677738,47.776,29.0,32.8,25.4,68.5,80.8,57.3,25.1,15.5,33.8,0.0290337158938,0.102084520912,27.3559333333,964.64294
1,0.0,0.0,0.0,5190239.0,0.0,0.0,0.0,0.0,0.0,1.75,82.1,1.02653332023,19.527,-0.321437098369,1.35638001523,80.473,98.1,98.0,98.3,100.0,100.0,100.0,0.0,0.0,0.0,0.000192669354918,0.0,2.59245333333,1233.6764
1,0.0,0.0,0.0,4490541.0,0.0,0.0,0.0,0.0,0.0,2.712,77.324195122,5.83403007343,22.359,3.78441064322,6.43215362815,77.641,96.7,97.3,94.7,93.4,95.5,86.1,3.3,2.7,5.3,0.000222690317269,0.0,26.4079166667,87.33255
164,0.0,0.0,0.0,170043918.0,0.0,0.0,13.8,0.827,0.066,3.855,65.1625609756,2.09354193582,63.402,1.46933102899,3.18422698685,36.598,54.8,79.3,40.6,90.5,94.4,88.3,21.0,2.4,31.8,0.000964456723468,0.0,21.0980716667,382.09926
527,219.0,41.56,41.5559772296,173669648.0,0.0,0.0,0.0,0.0,0.0,3.802,65.447,2.10981750621,62.993,1.46263731322,3.22116723313,37.007,56.5,80.0,42.7,90.7,94.3,88.6,19.5,2.0,29.7,0.00303449685117,0.126101482051,20.8126091667,325.08564
144,8.0,5.6,5.55555555556,177392252.0,0.0,0.0,0.0,0.0,0.0,3.744,65.7168780488,2.12084736872,62.572,1.45027623204,3.25204703046,37.428,58.3,80.8,44.8,90.9,94.2,88.9,17.9,1.7,27.6,0.000811760369331,0.00450977982962,20.1566291667,274.332
1069,23.0,2.15,2.1515434986,181192646.0,35.8,38.0,0.0,0.0,0.0,3.682,65.9636829268,2.11974141847,62.14,1.42694217493,3.26734770066,37.86,60.0,81.6,46.9,91.1,94.1,89.3,16.4,1.3,25.6,0.00589979794213,0.0126936719054,20.6705475,355.45941
1218,6.0,0.5,0.492610837438,185044286.0,0.0,0.0,0.0,0.0,0.0,3.617,66.1833658537,2.10343724181,61.697,1.38797766405,3.26674473489,38.303,61.8,82.3,49.0,91.3,94.0,89.6,14.9,1.0,23.5,0.0065822081099,0.00324246704921,20.5367391667,267.53523
8997,95.0,1.06,1.05590752473,6847517.0,0.0,0.0,181.8,0.058,0.0,3.985,61.9948292683,2.27045293614,86.981,2.29116054224,2.13221360769,13.019,19.0,57.0,13.3,39.1,87.9,31.8,12.0,3.7,13.2,1.31390692422,1.38736420808,25.0980916667,3459.408
1535,2.0,0.13,0.130293159609,7001172.0,0.0,0.0,0.0,0.0,0.0,3.927,62.1526341463,2.21914588022,87.0,2.24098925629,2.07308590406,13.0,18.9,56.7,13.3,39.5,88.0,32.3,11.7,3.7,12.9,0.219249005738,0.0285666456987,24.9819583333,3167.913
33,2.0,6.06,6.06060606061,93038902.0,0.0,0.0,1.7,0.0,0.0,3.133,67.7833170732,1.51293234192,54.745,2.00551298772,0.920282065865,45.255,70.5,76.1,65.8,90.1,93.1,87.7,8.9,4.2,12.9,0.000354690342326,0.00214963843834,25.860825,2414.6649
120,3.0,2.5,2.5,94501233.0,0.0,55.3,0.0,0.0,0.0,3.088,67.8906585366,1.55951752686,54.983,1.99331806701,1.03222111737,45.017,71.1,76.4,66.8,90.5,93.3,88.2,8.6,4.0,12.4,0.00126982470165,0.00317456175413,25.7098166667,3253.2514
1864,14.0,0.8,0.751072961373,96017322.0,0.0,0.0,0.0,0.0,0.0,3.048,68.0070731707,1.59157306573,55.19,1.96734601939,1.13068649228,44.81,71.8,76.8,67.8,90.8,93.4,88.7,8.3,3.9,11.9,0.0194131638039,0.0145807024278,26.0842416667,3107.955
6,0.0,0.0,0.0,97571676.0,52.5,49.1,0.0,0.0,0.0,3.011,68.1315609756,1.60586336925,55.367,1.92606076259,1.21007969381,44.633,72.5,77.1,68.8,91.1,93.5,89.2,8.0,3.7,11.4,6.14932554812e-05,0.0,26.0426166667,2563.8512
4547,8.0,0.2,0.175940180339,99138690.0,0.0,0.0,0.0,0.0,0.0,2.977,68.2656341463,1.59325324844,55.512,1.85480023186,1.26785208192,44.488,73.2,77.5,69.8,91.5,93.6,89.7,7.6,3.5,10.9,0.0458650401776,0.00806950344008,25.8105916667,2448.9547
1,0.0,0.0,0.0,49410366.0,0.0,0.0,0.8,2.024,0.0,1.226,80.5512195122,0.463176469858,18.064,-0.0943816454549,0.586517742612,81.936,100.0,100.0,100.0,97.6,99.7,87.9,0.0,0.0,0.0,2.0238668137e-05,0.0,11.2321291667,1570.6162
3,0.0,0.0,0.0,49779440.0,0.0,0.0,0.0,2.095,0.0,1.244,80.9670731707,0.744180714075,17.963,0.183485365769,0.86737247055,82.037,100.0,100.0,100.0,97.6,99.7,87.9,0.0,0.0,0.0,6.02658446941e-05,0.0,10.9726183333,1479.4664
3,0.0,0.0,0.0,50219669.0,0.0,0.0,0.0,0.0,0.0,1.187,81.7051219512,0.429494122423,17.751,-0.177082584558,0.560889782667,82.249,100.0,100.0,100.0,0.0,99.7,0.0,0.0,0.0,0.0,5.97375502415e-05,0.0,11.5399275,1247.3374
3,0.0,0.0,0.0,142849449.0,0.0,0.0,0.0,4.3089,0.0,1.567,68.8412195122,0.0448873898393,26.313,-0.125982198575,0.105974278287,73.687,72.3,77.1,58.7,96.3,98.7,89.6,1.0,1.0,0.9,2.10011310579e-05,0.0,-5.3741525,449.7396
1,0.0,0.0,0.0,143201676.0,0.0,0.0,0.0,0.0,0.0,1.691,70.072195122,0.16830159075,26.214,-0.0374847617675,0.241513510612,73.786,72.2,77.0,58.7,96.6,98.8,90.4,1.0,1.0,0.9,6.9831584932e-06,0.0,-4.65422333333,448.8615
1,0.0,0.0,0.0,143819666.0,0.0,0.0,0.0,0.0,0.0,1.75,70.7436585366,0.217700100552,26.076,-0.0618595430684,0.316498909536,73.924,72.2,77.0,58.7,96.9,98.9,91.2,1.0,1.0,0.9,6.95315201191e-06,0.0,-4.8991975,446.8008
9,0.0,0.0,0.0,10817350.0,0.0,0.0,0.0,0.0,0.0,4.143,62.7993658537,2.44162683912,74.106,1.13851174898,6.26768315662,25.894,59.1,58.9,59.2,74.3,86.4,70.1,2.2,1.1,2.6,0.000831996745968,0.0,20.0477416667,1093.10179
3,0.0,0.0,0.0,12956791.0,0.0,0.0,140.5,0.059,0.0,5.174,64.0144390244,2.93827154994,57.77,2.50127781765,3.53918226073,42.23,45.1,63.9,31.2,74.8,92.2,62.1,18.3,2.2,30.0,0.000231538812349,0.0,29.1628916667,921.32948
5,0.0,0.0,0.0,13357003.0,42.1,22.4,0.0,0.0,0.0,5.173,64.6953658537,3.04207643568,57.503,2.57882397408,3.67234278949,42.497,45.6,64.2,31.7,75.6,92.3,63.2,17.3,1.9,28.7,0.000374335470315,0.0,28.6550833333,674.78656
1,0.0,0.0,0.0,13780108.0,0.0,0.0,0.0,0.0,0.0,5.161,65.3188780488,3.11852864041,57.219,2.62342341999,3.78458027504,42.781,46.1,64.5,32.2,76.3,92.5,64.2,16.4,1.6,27.4,7.25683717428e-05,0.0,28.52915,823.62447
23124,299.0,1.29,1.29302888774,6043157.0,0.0,0.0,0.0,0.0,0.0,4.874,49.749097561,2.24655147432,61.115,1.71129200664,3.09364411544,38.885,12.8,22.7,6.6,59.5,83.1,44.5,23.2,7.6,33.2,3.82647679019,4.94774502797,26.23645,2413.77813
377,32.0,8.49,8.48806366048,6178859.0,57.6,85.1,0.0,0.0,0.0,4.746,50.3631219512,2.22070690769,60.774,1.66119698404,3.09380232655,39.226,13.0,22.7,6.7,60.6,83.7,45.6,23.4,7.9,33.4,0.061014501221,0.517894970576,26.3966833333,2455.40602
2,0.0,0.0,0.0,5183688.0,0.0,0.0,0.0,1.748,0.0,1.2,81.743902439,2.08490245606,0.0,0.0,2.08490245606,100.0,100.0,100.0,0.0,100.0,100.0,0.0,0.0,0.0,0.0,0.000385825690126,0.0,27.5515,2891.9099
2,0.0,0.0,0.0,5312437.0,0.0,0.0,0.0,1.835,0.0,1.29,81.9951219512,2.45339033031,0.0,0.0,2.45339033031,100.0,100.0,100.0,0.0,100.0,100.0,0.0,0.0,0.0,0.0,0.000376475052787,0.0,27.7074333333,2601.9992
2,0.0,0.0,0.0,5399162.0,0.0,0.0,0.0,1.95,0.0,1.19,82.2463414634,1.61930809859,0.0,0.0,1.61930809859,100.0,100.0,100.0,0.0,100.0,100.0,0.0,0.0,0.0,0.0,0.000370427855286,0.0,27.9048916667,2990.745
2,0.0,0.0,0.0,5469724.0,0.0,0.0,0.0,0.0,0.0,1.25,82.4951219512,1.29844017799,0.0,0.0,1.29844017799,100.0,100.0,100.0,0.0,100.0,100.0,0.0,0.0,0.0,0.0,0.000365649162554,0.0,27.904325,2068.49418
3510,103.0,2.93,2.93447293447,9581714.0,0.0,0.0,38.3,0.035,0.0,6.868,54.0236585366,2.37502530935,62.741,1.68249848766,3.55212980542,37.259,23.3,52.0,6.3,31.4,69.6,8.8,52.9,2.7,82.7,0.366322768557,1.07496424961,27.1741583333,256.67765
77636,1130.0,1.46,1.45551033026,9806670.0,0.0,0.0,0.0,0.0,0.0,6.768,54.3569512195,2.32062760254,62.298,1.61204419344,3.50259172739,37.702,23.5,52.0,6.3,31.7,69.6,8.8,52.5,2.7,82.7,7.9166526456,11.5227697067,27.1998,304.2077
22576,200.0,0.89,0.885896527286,10033630.0,0.0,0.0,0.0,0.0,0.0,6.666,54.6902439024,2.2879684346,61.847,1.56139767436,3.47708958531,38.153,0.0,0.0,0.0,0.0,0.0,0.0,0.0,0.0,0.0,2.25003313856,1.99329654372,27.05105,269.94643
6864,140.0,2.04,2.03962703963,10268157.0,0.0,0.0,0.0,0.0,0.0,6.565,55.0230243902,2.31051023581,61.388,1.56558742303,3.50638368588,38.612,0.0,0.0,0.0,0.0,0.0,0.0,0.0,0.0,0.0,0.668474391266,1.36343844372,27.0681083333,331.74941
2820,0.0,0.0,0.0,10517569.0,0.0,0.0,0.0,0.0,0.0,6.463,55.354804878,2.39995438414,60.922,1.63794994561,3.59961223299,39.078,0.0,0.0,0.0,0.0,0.0,0.0,0.0,0.0,0.0,0.268122795296,0.0,27.2299333333,276.48105
7536,84.0,1.1,1.11464968153,10787104.0,0.0,0.0,85.5,0.0,0.0,6.364,55.6855853659,2.53042496262,60.449,1.75099105812,3.73356017002,39.551,0.0,0.0,0.0,0.0,0.0,0.0,0.0,0.0,0.0,0.698611972222,0.778707612349,27.5599583333,312.20021
1,0.0,0.0,0.0,53311955.6101,0.0,0.0,0.0,0.776,0.0,2.387,56.7365853659,1.52233552926,36.212,0.107450523602,2.33455463818,63.788,65.3,69.1,58.5,92.4,99.5,80.0,4.4,1.5,9.6,1.87575186195e-05,0.0,18.351425,420.63184
2,0.0,0.0,0.0,46443994.0,0.0,0.0,0.0,0.0,0.0,1.32,83.3804878049,-0.0793931690318,20.421,-1.17033001843,0.202484828725,79.579,99.9,99.8,100.0,100.0,100.0,100.0,0.0,0.0,0.0,4.30626186025e-05,0.0,14.5508716667,470.6301
1,0.0,0.0,0.0,9449213.0,0.0,0.0,0.0,3.926,0.0,1.9,81.8024390244,0.755150133665,14.79,-0.280671251052,0.93603680073,85.21,99.3,99.2,99.7,100.0,100.0,100.0,0.0,0.0,0.0,0.000105828919297,0.0,3.38581,699.135
1,0.0,0.0,0.0,9799186.0,0.0,0.0,0.0,0.0,0.0,1.88,82.5512195122,1.05745468552,14.185,0.00561160768391,1.23239226904,85.815,99.3,99.3,99.6,100.0,100.0,100.0,0.0,0.0,0.0,0.000102049292666,0.0,3.34058583333,719.9293
2,0.0,0.0,0.0,8281430.0,0.0,0.0,0.0,0.0,0.0,1.54,83.1975609756,1.12667318063,26.088,0.866336356311,1.21872377917,73.912,99.9,99.9,99.8,100.0,100.0,100.0,0.0,0.0,0.0,0.000241504184664,0.0,7.61355333333,1206.3793
1974,15.0,0.76,0.759878419453,66692024.0,0.0,0.0,6.3,0.393,0.0,1.547,73.6943658537,0.215891349901,55.92,-2.14514327541,3.29362490418,44.08,93.3,89.9,96.1,96.4,97.4,95.6,0.0,0.0,0.0,0.0295987418226,0.0224914451539,27.1804833333,1542.573
279,4.0,1.43,1.43369175627,66902958.0,0.0,0.0,0.0,0.0,0.0,1.542,73.8923902439,0.315781584195,54.606,-2.06205267848,3.25316028993,45.394,93.3,89.9,96.1,96.8,97.4,96.2,0.0,0.0,0.0,0.00417021920017,0.00597880888914,26.066775,1859.2491
29,0.0,0.0,0.0,67164130.0,52.7,57.8,0.0,0.0,0.0,1.534,74.071902439,0.389614385271,53.318,-1.99736263692,3.18748441348,46.682,93.2,89.9,96.1,97.1,97.5,96.8,0.0,0.0,0.0,0.000431778093456,0.0,27.0681166667,1418.5452
8,0.0,0.0,0.0,67451422.0,0.0,0.0,0.0,0.0,0.0,1.524,74.2469268293,0.426833945864,52.057,-1.96663712292,3.09224909272,47.943,93.1,89.9,96.1,97.5,97.6,97.4,0.0,0.0,0.0,0.000118603874652,0.0,26.731075,1600.9319
12,0.0,0.0,0.0,67725979.0,0.0,0.0,0.0,0.0,0.0,1.512,74.4220243902,0.406217867061,50.826,-1.98690683601,2.94144122441,49.174,93.0,89.9,96.1,97.8,97.6,98.0,0.0,0.0,0.0,0.000177184592636,0.0,26.788625,1399.28724
125,1.0,0.8,0.8,67959359.0,0.0,0.0,2.7,0.0,0.0,1.497,74.601195122,0.344002135509,49.626,-2.04531356172,2.75501737055,50.374,93.0,89.9,96.1,97.8,97.6,98.0,0.0,0.0,0.0,0.00183933459408,0.00147146767526,27.22525,1339.0721
72,3.0,4.17,4.16666666667,6390851.0,23.6,11.3,458.0,0.053,0.0,4.868,57.2815609756,2.71359547855,62.467,1.95607231542,3.98722174228,37.533,11.5,24.4,3.7,59.8,89.0,42.3,53.7,19.4,74.3,0.0112661052495,0.0469421052063,27.7933833333,1337.73797
4,0.0,0.0,0.0,6566179.0,0.0,0.0,0.0,0.0,0.0,4.798,57.9307804878,2.70646439977,61.99,1.9399192941,3.96935701991,38.01,11.5,24.5,3.6,60.5,89.4,42.7,53.3,19.1,74.3,0.000609182296127,0.0,27.4619916667,1155.78142
61,1.0,1.64,1.6393442623,6745581.0,0.0,0.0,0.0,0.0,0.0,4.727,58.5538536585,2.69555434712,61.507,1.91336593351,3.958233159,38.493,11.5,24.5,3.4,61.1,89.9,43.1,52.9,18.8,74.2,0.00904295715966,0.0148245199339,27.3225333333,1175.89241
166,4.0,2.41,2.40963855422,6928719.0,0.0,0.0,0.0,0.0,0.0,4.655,59.1323658537,2.67873238004,61.021,1.88543720498,3.93340068304,38.979,11.6,24.6,3.2,61.8,90.4,43.5,52.5,18.5,74.2,0.0239582526005,0.0577307291579,27.4298416667,1046.7367
262,11.0,4.2,4.19847328244,7115163.0,33.4,18.5,0.0,0.0,0.0,4.584,59.655804878,2.65531929955,60.531,1.84905933671,3.90459597748,39.469,11.6,24.6,3.1,62.4,90.9,43.8,52.1,18.3,74.2,0.0368227685016,0.154599409739,27.731375,1214.40253
35,1.0,2.9,2.85714285714,7304578.0,0.0,0.0,345.1,0.0,0.0,4.514,60.1207560976,2.62731342565,60.036,1.80618571359,3.87366706086,39.964,11.6,24.7,2.9,63.1,91.4,44.2,51.7,18.0,74.2,0.00479151567688,0.0136900447911,27.778175,998.2422
2341,78.0,3.33,3.33190944041,33149417.0,0.0,0.0,429.1,0.117,0.0,6.154,55.8366585366,3.31937677095,85.508,2.96564725832,5.43237063683,14.492,18.0,28.5,16.3,72.5,92.6,69.1,9.2,2.2,10.4,0.070619643175,0.235298255773,24.2372,1427.2754
6326,135.0,2.13,2.13404995258,35400620.0,0.0,0.0,0.0,0.0,0.0,5.964,57.100195122,3.27408587776,84.885,2.90368278094,5.38012841441,15.115,18.5,28.5,16.8,75.8,94.1,72.5,8.2,2.2,9.3,0.178697435243,0.381349253205,23.43125,1411.9989
748,27.0,3.61,3.60962566845,36573387.0,0.0,0.0,0.0,0.0,0.0,5.869,57.7676829268,3.25915106611,84.563,2.87909316043,5.36710980622,15.437,18.8,28.5,17.0,77.4,94.8,74.2,7.7,2.2,8.7,0.0204520297778,0.0738241716579,23.4988583333,1461.3376
309,9.0,2.9,2.91262135922,37782971.0,0.0,0.0,0.0,0.0,0.0,5.775,58.4664146341,3.25376537015,84.234,2.86394897955,5.36260721757,15.766,19.0,28.5,17.3,78.9,95.5,75.8,7.2,2.2,8.1,0.00817828751476,0.0238202548974,23.6246416667,1199.3191
1461,33.0,2.3,2.25872689938,39032383.0,0.0,0.0,218.3,0.0,0.0,5.682,59.1790731707,3.25331364537,83.899,2.85481837536,5.35588326686,16.101,19.1,28.5,17.3,79.0,95.5,75.8,7.2,2.2,8.1,0.037430458704,0.084545183931,23.3983583333,1286.472
33,0.0,0.0,0.0,45706100.0,0.0,0.0,0.0,3.517,0.0,1.459,70.8092682927,-0.359480080664,31.124,-0.968082643148,-0.0832422059863,68.876,95.7,97.3,92.0,96.6,96.7,96.5,0.0,0.0,0.0,0.000722004283892,0.0,9.12647333333,458.95285
8,0.0,0.0,0.0,62766365.0,0.0,0.0,0.0,2.743,0.0,1.92,80.4024390244,0.783888646647,18.698,-0.65506379431,1.11777108531,81.302,99.2,99.1,99.6,100.0,100.0,100.0,0.0,0.0,0.0,0.000127456799514,0.0,8.1027,1055.5286
32,0.0,0.0,0.0,63258918.0,0.0,0.0,0.0,2.765,0.0,1.91,80.9512195122,0.781677289299,18.43,-0.661999246478,1.1107697129,81.57,99.2,99.1,99.6,100.0,100.0,100.0,0.0,0.0,0.0,0.000505857529843,0.0,9.92496583333,1231.6742
17,0.0,0.0,0.0,63700300.0,0.0,0.0,0.0,2.79,0.0,1.92,80.9048780488,0.695315842711,18.166,-0.747497660039,1.01844338368,81.834,99.2,99.1,99.6,100.0,100.0,100.0,0.0,0.0,0.0,0.000266874724295,0.0,8.8116975,1422.334
6,0.0,0.0,0.0,64128226.0,0.0,0.0,0.0,2.809,0.0,1.83,81.0048780488,0.669533807457,17.908,-0.760876851984,0.984308744614,82.092,99.2,99.1,99.6,100.0,100.0,100.0,0.0,0.0,0.0,9.35625445182e-05,0.0,8.98826083333,1189.9453
14,0.0,0.0,0.0,64613160.0,0.0,0.0,0.0,0.0,0.0,1.81,81.3048780488,0.753349499399,17.655,-0.669507596508,1.06106767029,82.345,99.2,99.1,99.6,100.0,100.0,100.0,0.0,0.0,0.0,0.000216674126447,0.0,9.9324,1378.228
15,0.0,0.0,0.0,65128861.0,0.0,0.0,0.0,0.0,0.0,1.81,81.6048780488,0.794967909295,17.408,-0.613945556264,1.0944759107,82.592,99.2,99.1,99.6,100.0,100.0,100.0,0.0,0.0,0.0,0.000230312641273,0.0,9.13581916667,1347.0792
4469,59.0,1.32,1.32020586261,45648525.0,50.4,44.0,175.6,0.008,0.0,5.427,61.6256097561,3.17463373606,71.886,2.24003034424,5.60485922947,28.114,13.1,26.3,7.9,55.2,80.1,45.5,11.7,2.0,15.5,0.097900205976,0.12924842588,23.4524916667,911.96883
942,11.0,1.17,1.16772823779,47122998.0,0.0,0.0,0.0,0.0,0.0,5.359,62.632097561,3.17898666506,71.202,2.22292328981,5.58281614946,28.798,13.6,27.3,8.0,55.3,79.5,45.5,11.8,2.0,15.8,0.0199902391609,0.0233431667484,23.0851,1069.89754
286,4.0,1.4,1.3986013986,48645709.0,0.0,0.0,0.0,0.031,0.0,5.287,63.520902439,3.18024411961,70.507,2.19935287249,5.56494484237,29.493,14.0,28.3,8.1,55.4,78.9,45.5,11.9,2.0,16.0,0.00587924414875,0.00822271908916,23.0836583333,802.42659
270,17.0,6.3,6.2962962963,50213457.0,0.0,0.0,0.0,0.0,0.0,5.215,64.2918292683,3.17194551998,69.804,2.16987891205,5.52759389387,30.196,14.5,29.3,8.1,55.4,78.4,45.5,12.0,2.0,16.3,0.00537704464363,0.0338554662747,23.0013,1010.14153
11563,144.0,1.2,1.24535155237,53470420.0,0.0,0.0,113.9,0.0,0.0,5.078,65.4874878049,3.13018510197,68.392,2.10174573067,5.39235445618,31.608,15.6,31.3,8.3,55.6,77.2,45.5,12.1,2.0,16.8,0.216250405364,0.26930777802,23.070925,1012.93845
15,0.0,0.0,0.0,309346863.0,0.0,0.0,0.0,2.41,0.0,1.931,78.5414634146,0.835991599085,19.228,-0.0236265175684,1.04171962965,80.772,99.9,100.0,99.9,99.1,99.4,97.6,0.0,0.0,0.0,4.84892584801e-05,0.0,7.5574925,667.7531
42,0.0,0.0,0.0,311718857.0,0.0,0.0,0.0,2.452,0.0,1.8945,78.6414634146,0.763850090827,19.06,-0.113715639029,0.971627084077,80.94,100.0,100.0,99.9,99.1,99.4,97.8,0.0,0.0,0.0,0.000134736795856,0.0,7.57674833333,677.9793
18,0.0,0.0,0.0,314102623.0,0.0,0.0,0.0,0.0,0.0,1.8805,78.7414634146,0.761807513699,18.892,-0.123526082838,0.96915332072,81.108,100.0,100.0,100.0,99.1,99.4,98.0,0.0,0.0,0.0,5.73061117035e-05,0.0,8.21714416667,635.089
14,0.0,0.0,0.0,316427395.0,0.0,0.0,0.0,0.0,0.0,1.8575,78.7414634146,0.737405823064,18.723,-0.161178978238,0.945553448623,81.277,100.0,100.0,100.0,99.2,99.4,98.2,0.0,0.0,0.0,4.42439568167e-05,0.0,7.3108175,710.1758
7,0.0,0.0,0.0,318907401.0,0.0,0.0,0.0,0.0,0.0,1.8625,78.7414634146,0.780696606482,18.553,-0.131424652845,0.989639409096,81.447,100.0,100.0,100.0,99.2,99.4,98.2,0.0,0.0,0.0,2.19499452758e-05,0.0,7.72520083333,689.3834
4,0.0,0.0,0.0,321418820.0,0.0,0.0,0.0,0.0,0.0,1.843,78.7414634146,0.78442262563,18.383,-0.136094306466,0.992929627259,81.617,100.0,100.0,100.0,99.2,99.4,98.2,0.0,0.0,0.0,1.24448219927e-05,0.0,8.45888083333,765.1925
49,0.0,0.0,0.0,29427631.0,0.0,0.0,0.0,0.0,0.0,2.444,73.7916585366,1.47849678295,11.19,1.11277429785,1.52467259653,88.81,93.5,96.7,67.7,92.8,94.8,77.0,6.1,3.1,29.9,0.0016651017542,0.0,25.8476333333,2118.7546
4,0.0,0.0,0.0,30276045.0,0.0,0.0,0.0,0.0,0.0,2.391,74.0744146341,1.40299994613,11.106,1.01658244196,1.45138224473,88.894,94.4,97.5,69.9,93.1,95.0,77.9,5.4,2.5,28.6,0.000132117652752,0.0,25.7703916667,1901.6959
606,0.0,0.0,0.0,86932500.0,0.0,0.0,0.7,1.11,0.0,1.946,74.9903658537,1.04940037653,69.608,0.142709918835,3.15753815736,30.392,69.7,88.5,61.6,91.3,97.3,88.6,4.6,0.0,6.6,0.00697092571823,0.0,24.9954666667,1624.0319
3,0.0,0.0,0.0,87860300.0,56.7,46.5,0.0,1.159,0.0,1.953,75.156804878,1.0616097616,68.971,0.142272217425,3.13589300707,31.029,71.4,89.6,63.2,92.6,97.6,90.3,3.3,0.0,4.8,3.41451144601e-05,0.0,23.88865,2035.0812
300,4.0,1.33,1.33333333333,23591972.0,0.0,0.0,41.9,0.197,0.001,4.703,62.7687317073,2.74044256808,68.268,1.91332266573,4.5434385002,31.732,52.7,92.5,34.1,54.6,72.0,46.5,22.3,2.5,31.5,0.0127161900667,0.0169549200889,24.2403833333,163.33099
31789,134.0,0.42,0.421529459876,24234940.0,0.0,0.0,0.0,0.0,0.0,4.556,63.0535365854,2.68889088668,67.698,1.85044577533,4.46923210824,32.302,53.0,92.5,34.1,54.7,72.0,46.5,22.1,2.5,31.5,1.31170120495,0.552920700443,23.8634,176.73122
6794,62.0,0.91,0.912569914631,13917439.0,0.0,0.0,155.9,0.066,0.0,5.687,56.3838536585,2.98717341949,61.275,2.29435443918,4.09333045249,38.725,42.8,56.3,34.3,61.4,86.2,45.8,16.6,1.5,26.0,0.488164525097,0.445484258993,22.6879833333,1030.69692
330,7.0,2.12,2.12121212121,14343526.0,0.0,0.0,0.0,0.172,0.0,5.599,57.422195122,3.01560324863,60.847,2.31465597025,4.11477881598,39.153,43.0,56.2,34.6,62.2,86.1,46.9,16.0,1.5,25.3,0.0230068952362,0.0488025050465,21.981275,972.57349
198,2.0,1.01,1.0101010101,14786581.0,0.0,0.0,0.0,0.173,0.0,5.511,58.3633170732,3.04213897085,60.413,2.32631969126,4.14451068343,39.587,43.2,56.0,34.9,63.0,85.9,48.0,15.4,1.4,24.5,0.0133905194176,0.0135257771895,22.0594083333,1107.30659
951,21.0,2.21,2.20820189274,13973897.0,0.0,0.0,129.6,0.068,0.0,4.048,49.5746585366,1.82638019755,66.804,2.09918499421,1.27963038125,33.196,37.7,49.8,31.7,77.9,97.5,68.1,28.1,1.4,41.4,0.0680554608353,0.150280197428,22.1804083333,681.57174
1220,2.0,0.16,0.16393442623,14255592.0,45.7,20.9,0.0,0.083,0.0,4.039,51.6003658537,1.99581615187,66.985,2.26639009858,1.44908096845,33.015,37.5,49.7,31.5,77.7,97.4,67.9,28.0,1.5,41.2,0.0855804515169,0.0140295822159,21.6861,714.56697
23,1.0,4.35,4.34782608696,14565482.0,0.0,0.0,0.0,0.0,0.0,4.016,53.6430731707,2.15052321048,67.166,2.42037538152,1.60076530833,32.834,37.3,49.6,31.3,77.5,97.3,67.8,27.9,1.5,40.9,0.00157907579028,0.00686554691427,21.9012916667,602.3673
60,0.0,0.0,0.0,15602751.0,51.0,40.5,114.2,0.0,0.0,3.856,59.1610731707,2.31395820327,67.624,2.49896844255,1.928626539,32.376,36.8,49.3,30.8,76.9,97.0,67.3,27.6,1.5,40.1,0.0038454757113,0.0,22.2904083333,421.37958
